No.,State/Province/Region,URLs
1,Alberta,https://www.henryusa.com/henry-dealer-locations-nearest-to-you/firearm-dealers-alberta/
2,British Columbia,https://www.henryusa.com/henry-dealer-locations-nearest-to-you/firearm-dealers-british-columbia/
3,Manitoba,https://www.henryusa.com/henry-dealer-locations-nearest-to-you/firearm-dealers-manitoba/
4,New Brunswick,https://www.henryusa.com/henry-dealer-locations-nearest-to-you/firearm-dealers-new-brunswick/
5,Newfoundland,https://www.henryusa.com/henry-dealer-locations-nearest-to-you/firearm-dealers-newfoundland/
6,Northwest Territories,https://www.henryusa.com/henry-dealer-locations-nearest-to-you/firearm-dealers-northwest-territories/
7,Nova Scotia,https://www.henryusa.com/henry-dealer-locations-nearest-to-you/firearm-dealers-nova-scotia/
8,Nunavut,https://www.henryusa.com/henry-dealer-locations-nearest-to-you/firearm-dealers-nunavut/
9,Ontario,https://www.henryusa.com/henry-dealer-locations-nearest-to-you/firearm-dealers-ontario/
10,Prince Edward Island,https://www.henryusa.com/henry-dealer-locations-nearest-to-you/firearm-dealers-prince-edward-island/
11,Quebec,https://www.henryusa.com/henry-dealer-locations-nearest-to-you/firearm-dealers-quebec/
12,Saskatchewan,https://www.henryusa.com/henry-dealer-locations-nearest-to-you/firearm-dealers-saskatchewan/
13,Yukon Territory,https://www.henryusa.com/henry-dealer-locations-nearest-to-you/firearm-dealers-yukon-territory/
