No.,ID,Name,URL,Address,State
1,92133,A-1 Pawn Llc,https://www.henryusa.com/dealer-location/a-1-pawn-llc/,"113 North Main StreetBoaz, AL 35957",Alabama
2,92113,"Alabama Gun & Pawn, Inc.",https://www.henryusa.com/dealer-location/alabama-gun-pawn-inc/,"15347 HWY 43Russellville, AL 35653",Alabama
3,92115,Alabama Pawn & Cash Inc,https://www.henryusa.com/dealer-location/alabama-pawn-cash-inc/,"306-308 Temple Avenue NorthFayette, AL 35555",Alabama
4,92187,Andrews Hdwe Co Inc,https://www.henryusa.com/dealer-location/andrews-hdwe-co-inc/,"PO Box 157Citronelle, AL 36522",Alabama
5,92195,Arab Lumber & Supply Co.,https://www.henryusa.com/dealer-location/arab-lumber-supply-co/,"841 N. Brindlee Mtn. Pkwy.Arab, AL 35016",Alabama
6,92145,Bama Pawn & Jewelry,https://www.henryusa.com/dealer-location/bama-pawn-jewelry/,"305 Beltline Rd NwDecatur, AL 35601",Alabama
7,92155,Bass Pro Shops – Leeds,https://www.henryusa.com/dealer-location/bass-pro-outdoor-world/,"5000 Bass Pro BlvdLeeds, AL 35094",Alabama
8,92140,Bass Pro Shops – Prattville,https://www.henryusa.com/dealer-location/bass-pro-shop/,"2553 Rocky Mtn. RdPrattville, AL 36066",Alabama
9,92169,Bass Pro Shops – Spanish Fort,https://www.henryusa.com/dealer-location/bass-pro-outdoor-world-2/,"20000 Bass Pro DriveSpanish Fort, AL 36527",Alabama
10,122323,Bennett Auto Parts,https://www.henryusa.com/dealer-location/bennett-auto-parts/,"416 South Randolph AveEufaula, AL 36027",Alabama
11,92123,Big Daddy’s Outdoors,https://www.henryusa.com/dealer-location/big-daddys-outdoors/,"52680 U.S. Highway 72Bridgeport, AL 35740",Alabama
12,92189,Birmingham Pistol Wholesale Inc,https://www.henryusa.com/dealer-location/birmingham-pistol-wholesale-inc/,"6969 HWY 11 NorthTrussville, AL 35173",Alabama
13,123915,Blount County Tactical,https://www.henryusa.com/dealer-location/blount-county-tactical/,"925 2nd Ave EOneonta, AL 35121",Alabama
14,92112,"Bradford’s Jewelry, Pawn & Gun",https://www.henryusa.com/dealer-location/bradfords-jewelry-pawn-gun/,"314 South Marion StreetAthens, AL 35611",Alabama
15,93033,Buck Creek Pawn Shop,https://www.henryusa.com/dealer-location/buck-creek-pawn-shop/,"298 Lake StRanburne, AL 36273",Alabama
16,92150,Buddys Sports Country,https://www.henryusa.com/dealer-location/buddys-sports-country/,"8401 Highway 431Heflin, AL 36264",Alabama
17,92117,"Byford’s Gun & Pawn, Inc.",https://www.henryusa.com/dealer-location/byfords-gun-pawn-inc/,"510 Main Street WHartselle, AL 35640",Alabama
18,112186,C&n Tactical Llc,https://www.henryusa.com/dealer-location/cn-tactical-llc/,"124 Hunter RdAddison, AL 35540",Alabama
19,92197,Cabela’s – Huntsville,https://www.henryusa.com/dealer-location/cabelas-3/,"7090 Cabela Drive NWHuntsville, AL 35805",Alabama
20,92173,Campbell Hardware & Supply,https://www.henryusa.com/dealer-location/campbell-hardware-supply/,"22529 Hwy 59NRobertsdale, AL 36567",Alabama
21,92146,Capital Pawn Shop,https://www.henryusa.com/dealer-location/capital-pawn-shop/,"4359 Troy HighwayMontgomery, AL 36116",Alabama
22,92139,Casey Feed Llc,https://www.henryusa.com/dealer-location/casey-feed-llc/,"4631 County Road 37 SouthHope Hull, AL 36043",Alabama
23,92160,Chris’s Gun Shop,https://www.henryusa.com/dealer-location/chriss-gun-shop/,"20187 Lindsey Bridge RdAndalusia, AL 36420",Alabama
24,113259,Crimson Pride Fishing & Hunting,https://www.henryusa.com/dealer-location/crimson-pride-fishing-hunting/,"8016 Hwy 43 NorthNorthport, AL 35473",Alabama
25,92091,Cullman Guns & Ammo & Pawn,https://www.henryusa.com/dealer-location/cullman-guns-ammo-pawn/,"118 4th Street SWCullman, AL 35055",Alabama
26,92168,D & K Pawn,https://www.henryusa.com/dealer-location/d-k-pawn/,"2306 Highway 78Sumiton, AL 35148",Alabama
27,92134,Days Sporting Goods & Pawn,https://www.henryusa.com/dealer-location/days-sporting-goods-pawn/,"724 E. Main StCentre, AL 35960",Alabama
28,122483,DEKALB SPORTSMAN AND PAWN,https://www.henryusa.com/dealer-location/dekalb-sportsman-and-pawn/,"2310 GAULT AV NORTHFORT PAYNE, AL 35967",Alabama
29,92124,Dempsey’s Pawn & Gun,https://www.henryusa.com/dealer-location/dempseys-pawn-gun/,"12061 Highway 231-431 NorthMeridianville, AL 35759",Alabama
30,120321,Dunham’s Sports #215,https://www.henryusa.com/dealer-location/dunhams-sports-215/,"23041 John T. Reid ParkwayScottsboro, AL 35768",Alabama
31,120336,Dunham’s Sports #227,https://www.henryusa.com/dealer-location/dunhams-sports-227/,"101 Cracker Barrel Row SW, Suite BFort Payne, AL 35968",Alabama
32,120206,Dunham’s Sports #238,https://www.henryusa.com/dealer-location/dunhams-sports-238/,"5940 U.S. Hwy 431 Suite 100Albertville, AL 35950",Alabama
33,120252,Dunham’s Sports #263,https://www.henryusa.com/dealer-location/dunhams-sports-263/,"300 Highway 78 EJasper, AL 35501",Alabama
34,92141,Dunn’s True Value Hardware,https://www.henryusa.com/dealer-location/dunns-true-value-hardware/,"804 Hwy 231 STroy, AL 36081",Alabama
35,92180,Dunns Sports,https://www.henryusa.com/dealer-location/dunns-sports/,"33356 Highway 43Thomasville, AL 36784",Alabama
36,92175,Earl’s Pawn & Jewelery Inc.,https://www.henryusa.com/dealer-location/earls-pawn-jewelery-inc/,"260 Schillinger Rd NorthMobile, AL 36608",Alabama
37,102975,Fletchers Outdoors,https://www.henryusa.com/dealer-location/fletchers-outdoors/,"13759 Brooklyn Rd.Andalusia, AL 36421",Alabama
38,105449,G & D Farms,https://www.henryusa.com/dealer-location/g-d-farms/,"14170 Tanner Williams RoadWilmer, AL 36587",Alabama
39,121237,"Geraldine Hardware, Llc",https://www.henryusa.com/dealer-location/geraldine-hardware-llc/,"41474 ALABAMA HWY 75GERALDINE, AL 35974",Alabama
40,92167,Gold Mine Pawn Shop,https://www.henryusa.com/dealer-location/gold-mine-pawn-shop/,"602 Highway 98Daphne, AL 36526",Alabama
41,92100,Gun Logic Firearms,https://www.henryusa.com/dealer-location/gun-logic-firearms/,"14695 Bel Aire ESTCoker, AL 35452",Alabama
42,116859,Guns N More Athens,https://www.henryusa.com/dealer-location/guns-n-more-athens/,"1124 US Hwy 72 EAthens, AL 35611",Alabama
43,92138,H&h Guns & Then Some,https://www.henryusa.com/dealer-location/hh-guns-then-some/,"479 Starlington RdGeorgiana, AL 36033",Alabama
44,92086,Hatcher Custom Shop,https://www.henryusa.com/dealer-location/hatcher-custom-shop/,"4165 County Hwy 27Guin, AL 35563",Alabama
45,101503,Holmes Guns,https://www.henryusa.com/dealer-location/holmes-guns/,"49133 HWY 22Wadley, AL 36276",Alabama
46,92174,Hoover Tactical Firearms Llc,https://www.henryusa.com/dealer-location/hoover-tactical-firearms-llc/,"1561 Montgomery HWYHoover, AL 35216",Alabama
47,92183,Hudson Pawn & Gun Shop Inc,https://www.henryusa.com/dealer-location/hudson-pawn-gun-shop-inc/,"1308 1St St NJasper, AL 35503",Alabama
48,92108,J & M Trading Post,https://www.henryusa.com/dealer-location/j-m-trading-post/,"44890 Hwy 17 NPO BOX 1375Vernon, AL 35592",Alabama
49,92191,Kenny’s Gun Room,https://www.henryusa.com/dealer-location/kennys-gun-room/,"24812A COWPEN CREEK ROADROBERTSDALE, AL 36567",Alabama
50,92095,"King’s Pawn & Jewelry Co, Inc.",https://www.henryusa.com/dealer-location/kings-pawn-jewelry-co-inc/,"23 North Broadway AvenueSylacauga, AL 35150",Alabama
51,92082,Larry’s General Merchandise,https://www.henryusa.com/dealer-location/larrys-general-merchandise/,"3121 Hillabee RoadAlexander City, AL 35010",Alabama
52,92114,Larry’s Jewelry & Pawn,https://www.henryusa.com/dealer-location/larrys-jewelry-pawn/,"122 W Mobile StreetFlorence, AL 35630",Alabama
53,92126,Larry’s Pistol & Pawn,https://www.henryusa.com/dealer-location/larryspistol-pawn/,"2405 N Memorial ParkwayHuntsville, AL 35810",Alabama
54,109439,"Linden Ace Hardware, Llc",https://www.henryusa.com/dealer-location/linden-ace-hardware-llc/,"1137 South Shiloh StreetLinden, AL 36748",Alabama
55,101742,Lt. Dan’s Pawn,https://www.henryusa.com/dealer-location/lt-dans-pawn/,"1713 Winchester RoadSte B.Huntsville, AL 35811",Alabama
56,92106,Marks Outdoor Sports,https://www.henryusa.com/dealer-location/marks-outdoor-sports/,"1400-B Montgomery HWYBirmingham, AL 35216",Alabama
57,92090,Mary Carter Paint,https://www.henryusa.com/dealer-location/mary-carter-paint/,"104 4th ST SECullman, AL 35055",Alabama
58,92121,"Mccoy Outdoor Co, The",https://www.henryusa.com/dealer-location/mccoy-outdoor-co-the/,"3498 Springhill AveMobile, AL 36608",Alabama
59,92162,McIntyres Gun Service,https://www.henryusa.com/dealer-location/mcintyres-gun-service/,"4067 Allen Walker RoadGrove Hill, AL 36451",Alabama
60,92089,Michael’s Jewlery and Pawn,https://www.henryusa.com/dealer-location/michaels-jewlery-and-pawn/,"205 W College St # BColumbiana, AL 35051",Alabama
61,92137,Mid City Jewelry & Loan Co,https://www.henryusa.com/dealer-location/mid-city-jewelry-loan-co/,"1029-A 6Th Ave SeDecatur, AL 35601",Alabama
62,92148,Mike’s Treasure Chest,https://www.henryusa.com/dealer-location/mikes-treasure-chest/,"117 East 17th StreetAnniston, AL 36201",Alabama
63,92163,Mitchs A & M Pawn Shop,https://www.henryusa.com/dealer-location/mitchs-a-m-pawn-shop/,"1345 South Alabama AveMonroeville, AL 36460",Alabama
64,92176,"Mobile Shooting Center, Inc.",https://www.henryusa.com/dealer-location/mobile-shooting-center-inc/,"9170 C Airport BlvdMobile, AL 36608",Alabama
65,92127,Mr. Big Guns,https://www.henryusa.com/dealer-location/jcs-guns-tackle-shop-inc/,"1650 Jordan LN NWHuntsville, AL 35816",Alabama
66,92143,Mulberry Gun & Pawn,https://www.henryusa.com/dealer-location/mulberry-gun-pawn/,"686 Stableway RdPike Road, AL 36064",Alabama
67,112293,Mvp Firearms,https://www.henryusa.com/dealer-location/mvp-firearms/,"1810 Decatur HwySuite 108Fultondale, AL 35068",Alabama
68,92161,Newby’s Pawn & Gun,https://www.henryusa.com/dealer-location/newbys-pawn-gun/,"620 Douglas Ave.Brewton, AL 36426",Alabama
69,92181,Newmans Farm Supply Inc,https://www.henryusa.com/dealer-location/newmans-farm-supply-inc/,"1 Lafayette St SLafayette, AL 36862",Alabama
70,105804,Oliver’s Firearms,https://www.henryusa.com/dealer-location/olivers-firearms/,"1476 County Road 4405Banks, AL 36005",Alabama
71,92079,Outlaw Gun & Pawn,https://www.henryusa.com/dealer-location/outlaw-gun-and-pawn/,"13088 Highway 78 EastJasper, AL 35501",Alabama
72,92103,Pat’s Archery & Outdoors,https://www.henryusa.com/dealer-location/pats-archery-outdoors/,"306 Highway 78 WestJasper, AL 35501",Alabama
73,92111,Patriot Gun Sales,https://www.henryusa.com/dealer-location/patriot-gun-sales/,"3079 Wetumpka HwyMontgomery, AL 36110",Alabama
74,109125,Patriots,https://www.henryusa.com/dealer-location/patriots/,"707 Riverfalls StreetAndalusia, AL 36420",Alabama
75,92182,Pawn Central,https://www.henryusa.com/dealer-location/pawn-central/,"1622 Pepperell PkwyAttn JW BrooksOpelika, AL 36801",Alabama
76,92131,Pawn Daddy,https://www.henryusa.com/dealer-location/pawn-daddy/,"1694 S. Wilson Dam Rd.Muscle Shoals, AL 35661",Alabama
77,92154,Pawn Express,https://www.henryusa.com/dealer-location/pawn-express/,"621 Boll Weevil Cir Suite 1AEnterprise, AL 36330",Alabama
78,98472,Pine City Gun & Pawn,https://www.henryusa.com/dealer-location/pine-city-gun-pawn/,"4545 N College AvenueJackson, AL 36545",Alabama
79,92094,Pleasant Grove Gun Supply,https://www.henryusa.com/dealer-location/pleasant-grove-gun-supply/,"839 Park Rd.Pleasant Grove, AL 35127",Alabama
80,92093,Pops Armory,https://www.henryusa.com/dealer-location/pops-armory/,"405 CR 52Jemison, AL 35085",Alabama
81,108043,Premier Pawn and Pistol Llc,https://www.henryusa.com/dealer-location/premier-pawn-and-pistol-llc/,"24884 Hwy 31 NJemison, AL 35085",Alabama
82,92132,Quality Guns,https://www.henryusa.com/dealer-location/quality-guns/,"102 5th Ave NEAttalla, AL 35954",Alabama
83,92097,"Quints Hardware, Inc.",https://www.henryusa.com/dealer-location/quints-hardware-inc/,"1406 Industrial ParkwaySaraland, AL 36571",Alabama
84,116617,Redland Rifle Company,https://www.henryusa.com/dealer-location/redland-rifle-company/,"4755 US 280Birmingham, AL 35242",Alabama
85,92184,Reynold’s Outdoors,https://www.henryusa.com/dealer-location/storys-inc/,"904 Geneva StreetOpelika, AL 36803",Alabama
86,92080,Rural King – Muscle Shoals,https://www.henryusa.com/dealer-location/rural-king/,"3401 Woodward Ave.Muscle Shoals, AL 35661",Alabama
87,98473,Safford Hardware,https://www.henryusa.com/dealer-location/safford-hardware/,"22470 Alabama Highway 22 WSafford, AL 36773",Alabama
88,92125,Scottsboro Pawn Shop,https://www.henryusa.com/dealer-location/scottsboro-pawn-shop/,"115 North Broad StreetScottsboro, AL 35768",Alabama
89,118144,Shock Wave Gun & Pawn Llc,https://www.henryusa.com/dealer-location/shock-wave-gun-pawn/,"10497 Hwy 72Rogersville, AL 35652",Alabama
90,92109,Shotglass Guns Inc,https://www.henryusa.com/dealer-location/shotglass-guns-inc/,"103 Taylor RdFlorence, AL 35633",Alabama
91,92149,Shotgun Sports Supplies,https://www.henryusa.com/dealer-location/shotgun-sports-supplies/,"1414-A HWY 431 NAnniston, AL 36206",Alabama
92,92085,Simmons Sporting Goods – Bessemer,https://www.henryusa.com/dealer-location/simmons-sporting-goods/,"2001 2nd Avenue NorthBessemer, AL 35020",Alabama
93,92120,Sonny’s Pawn & Gun Shop,https://www.henryusa.com/dealer-location/sonnys-pawn-gun-shop/,"200 North Montgomery AvenueSheffield, AL 35660",Alabama
94,112185,"Southeast Sales, Inc",https://www.henryusa.com/dealer-location/southeast-sales-inc/,"302 5th Ave SWRed Bay, AL 35582",Alabama
95,92153,Southern Outdoor Sports,https://www.henryusa.com/dealer-location/southern-outdoor-sports/,"2126 Hartford Hwy.Dothan, AL 36305",Alabama
96,109116,Stone Arms Inc,https://www.henryusa.com/dealer-location/stone-arms-inc/,"10160 A Airport Blvd.Mobile, AL 36608",Alabama
97,92084,Styx River Shooting Center,https://www.henryusa.com/dealer-location/styx-river-shooting-center/,"24775 Water World RdRobertsdale, AL 36567",Alabama
98,97913,T&t Guns & Ammo Ii,https://www.henryusa.com/dealer-location/tt-guns-ammo-ii/,"8395 HWY 59Foley, AL 36535",Alabama
99,92105,The Custom Shop,https://www.henryusa.com/dealer-location/the-custom-shop/,"775 Hidden Acres WayHamilton, AL 35570",Alabama
100,92088,The Fishing Hole,https://www.henryusa.com/dealer-location/the-fishing-hole/,"2 Village SquareClanton, AL 35045",Alabama
101,118305,The Gun Station,https://www.henryusa.com/dealer-location/goforth-firearms/,"63 Marietta RoadSpringville, AL 35146",Alabama
102,92136,The Minnow Bucket,https://www.henryusa.com/dealer-location/the-minnow-bucket/,"2411 Highway 14PO Box 369Autaugaville, AL 36003",Alabama
103,110441,The Pawn Shop,https://www.henryusa.com/dealer-location/the-pawn-shop/,"1020 Woodward Ave.Muscle Shoals, AL 35661",Alabama
104,92083,The Sure Shot,https://www.henryusa.com/dealer-location/the-sure-shot/,"3862 Highway 280Alexander City, AL 35010",Alabama
105,92104,The Trading Post,https://www.henryusa.com/dealer-location/the-trading-post/,"2111 Bexar Avenue WestHamilton, AL 35570",Alabama
106,92159,Three Notch Pawn & Gun,https://www.henryusa.com/dealer-location/three-notch-pawn-gun/,"1517 - 1 East Three Notch StAndalusia, AL 36420",Alabama
107,92107,"Tri-State Guns & Ammo Sales, Llc",https://www.henryusa.com/dealer-location/tri-state-guns-ammo-sales-llc/,"706 Glover Ave.Enterprise, AL 36330",Alabama
108,92186,Troy Sportshop,https://www.henryusa.com/dealer-location/troy-sportshop/,"700 US 231 SouthTroy, AL 36081",Alabama
109,92130,Tucker’s Guns & Ammo,https://www.henryusa.com/dealer-location/tuckers/,"660 Highway 67 SDecatur, AL 35603",Alabama
110,105664,Van’s Sporting Goods – Cullman,https://www.henryusa.com/dealer-location/vans-sporting-goods-cullman/,"2045 County Rd 222Cullman, AL 35057",Alabama
111,92185,Village Jewelry & Sports,https://www.henryusa.com/dealer-location/village-jewelry-sports/,"119 East Alabama StAsk for ShaneButler, AL 36904",Alabama
112,92147,Walter Craig’s The Sportmans Headquarters,https://www.henryusa.com/dealer-location/sportsmans-headquarters/,"1201 N Eastern BypassMontgomery, AL 36117",Alabama
113,92101,Wilborn Outdoors,https://www.henryusa.com/dealer-location/wilborn-outdoors/,"505 Main Ave. N.W.Cullman, AL 35055",Alabama
114,92178,Willingham’s Sports,https://www.henryusa.com/dealer-location/willinghams-sports/,"1405 Highway 80 WestDemopolis, AL 36732",Alabama
115,113136,Wills Town Tactical,https://www.henryusa.com/dealer-location/wills-town-tactical/,"1801 Gault Avenue NorthSuite 103Fort Payne, AL 35967",Alabama
116,92099,Woods and Water Inc.,https://www.henryusa.com/dealer-location/woods-and-water-inc/,"5101 Summit RidgeTuscaloosa, AL 35405",Alabama
117,113160,Zindel’s Gun Shop Llc,https://www.henryusa.com/dealer-location/zindels-gun-shop-llc/,"531 Highway 71Haleyville, AL 35565",Alabama
118,92065,Bayview Inc,https://www.henryusa.com/dealer-location/bayview-inc/,"101 Front StPO Box 371 27Toksook Bay, AK 99637",Alaska
119,92062,Brown Bear Gun Shop,https://www.henryusa.com/dealer-location/brown-bear-gun-shop/,"104 North Tinker LnKenai, AK 99611",Alaska
120,92078,Cabela’s – Anchorage,https://www.henryusa.com/dealer-location/cabelas-2/,"155 W. 104th StreetAnchorage, AK 99515",Alaska
121,92066,Chimo Guns,https://www.henryusa.com/dealer-location/chimo-guns/,"505 East Herning AvenueWasilla, AK 99654",Alaska
122,92063,Cy’s Sporting Goods,https://www.henryusa.com/dealer-location/cys-sporting-goods/,"11206 S Russian Creek RoadKodiak, AK 99615",Alaska
123,92071,"Eskimos, Incorporated",https://www.henryusa.com/dealer-location/eskimos-incorporated/,"3417 Stevenson StPO Box 536Barrow, AK 99723",Alaska
124,92070,Frontier Outfitters,https://www.henryusa.com/dealer-location/frontier-outfitters/,"250 3rd StreetSuite 6Fairbanks, AK 99701",Alaska
125,92072,Granite View Sports,https://www.henryusa.com/dealer-location/granite-view-sports/,"Mile 267 Richardson Highway - Building 1047PO Box 51Delta Junction, AK 99737",Alaska
126,92057,"Great Northern Guns, Inc.",https://www.henryusa.com/dealer-location/great-northern-guns-inc/,"4425 Wright StreetAnchorage, AK 99507",Alaska
127,92054,Gun Runners – Anchorage,https://www.henryusa.com/dealer-location/gun-runners/,"601 E. Northern Lights Blvd, Suite DAnchorage, AK 99503",Alaska
128,92060,Kachemak Gear Shed,https://www.henryusa.com/dealer-location/kachemak-gear-shed/,"3625 E. End RdHomer, AK 99603",Alaska
129,92077,Log Cabin Sporting Goods,https://www.henryusa.com/dealer-location/log-cabin-sporting-goods/,"1 Easy StreetPO Box 992Craig, AK 99921",Alaska
130,92064,Mack’s Sport Shop,https://www.henryusa.com/dealer-location/macks-sport-shop/,"212 Lower Mill Bay RdKodiak, AK 99615",Alaska
131,92053,Mat-su Tactical,https://www.henryusa.com/dealer-location/mat-su-tactical/,"3250 N Moose StreetWasilla, AK 99654",Alaska
132,92055,Mountain View Sports Center,https://www.henryusa.com/dealer-location/mountain-view-sports-center/,"11124 Old Seward hwy ste aAnchorage, AK 99515",Alaska
133,92073,Nome Outfitters Gun Shop,https://www.henryusa.com/dealer-location/nome-outfitters-gun-shop/,"235 1st StreetNome, AK 99762",Alaska
134,92076,Orion Sporting Goods,https://www.henryusa.com/dealer-location/orion-sporting-goods/,"705 Halibut Point RdUnit ESitka, AK 99835",Alaska
135,106803,Polar Armory,https://www.henryusa.com/dealer-location/polar-armory/,"10943 N Snowy Mountain Cir.Palmer, AK 99645",Alaska
136,92058,Sportsman’s Warehouse – Anchorage,https://www.henryusa.com/dealer-location/sportsmans-warehouse/,"8681 Old Seward HwyAnchorage, AK 99515",Alaska
137,92069,Sportsman’s Warehouse – Fairbanks,https://www.henryusa.com/dealer-location/sportsmans-warehouse-2/,"423 Merhar AvenueFairbanks, AK 99701",Alaska
138,98362,Sportsman’s Warehouse – Juneau,https://www.henryusa.com/dealer-location/sportsmans-warehouse-26/,"8745 Glacier HwySTE 105Juneau, Ak 99801",Alaska
139,98363,Sportsman’s Warehouse – Soldotna,https://www.henryusa.com/dealer-location/sportsmans-warehouse-27/,"44402 Sterling HwySoldotna, AK 99669",Alaska
140,98364,Sportsman’s Warehouse – Wasilla,https://www.henryusa.com/dealer-location/sportsmans-warehouse-28/,"1901 East Parks HighwayWasilla, AK 99654",Alaska
141,92056,"The Gun Traders, Inc.",https://www.henryusa.com/dealer-location/the-gun-traders-inc/,"601 E Northern Lights Blvd Ste DAnchorage, AK 99503",Alaska
142,107319,Three Bears Outpost – #01,https://www.henryusa.com/dealer-location/three-bears-outpost-01/,"Mile 1313 3 Alaska HwyTok, AK 99780",Alaska
143,107599,Three Bears Outpost – #100,https://www.henryusa.com/dealer-location/three-bears-outpost-100/,"22211 Birchwood LoopChugiak, AK 99567",Alaska
144,107331,Three Bears Outpost – #45,https://www.henryusa.com/dealer-location/three-bears-outpost-45/,"Mile 248.5 George Parks HwyHealy, AK 99743",Alaska
145,107593,Three Bears Outpost – #50,https://www.henryusa.com/dealer-location/three-bears-outpost-50/,"10575 Kenai Spur HwyKenai, AK 99611",Alaska
146,107594,Three Bears Outpost – #60,https://www.henryusa.com/dealer-location/three-bears-outpost-60/,"8151 E Palmer Wasilla HwyPalmer, AK 99645",Alaska
147,107597,Three Bears Outpost – #80,https://www.henryusa.com/dealer-location/three-bears-outpost-80/,"445 N Pittman RdWasilla, AK 99623",Alaska
148,107598,Three Bears Outpost – #85,https://www.henryusa.com/dealer-location/three-bears-outpost-85/,"3950 S Knik Goose Bay RdWasilla, AK 99654",Alaska
149,92061,Ulmers,https://www.henryusa.com/dealer-location/ulmers/,"3858 Lake StreetHomer, AK 99603",Alaska
150,92333,Aji Sports,https://www.henryusa.com/dealer-location/aji-sports/,"10444 E Apache TrailApache Junction, AZ 85120",Arizona
151,118518,America Fidelis,https://www.henryusa.com/dealer-location/america-fidelis/,"485 South Watson RoadSuite 105Buckeye, AZ 85326",Arizona
152,92349,Arizona Arms Sales Llc,https://www.henryusa.com/dealer-location/arizona-arms-llc/,"487 W Elliot RdGilbert, AZ 85233",Arizona
153,92357,"Arizona Firearms Collectibles, Inc.",https://www.henryusa.com/dealer-location/arizona-firearms-collectibles-inc/,"1315 West University DriveTempe, AZ 85281",Arizona
154,92368,Aztec Pawn & Gold,https://www.henryusa.com/dealer-location/aztec-pawn-gold/,"36 East Baseline RdPhoenix, AZ 85042",Arizona
155,92369,Baja Az Guns,https://www.henryusa.com/dealer-location/baja-az-guns/,"1215 W FRONTAGE RDRIO RICO, AZ 85648",Arizona
156,92339,Bank St Guns,https://www.henryusa.com/dealer-location/bank-st-guns/,"4395 N Bank StKingman, AZ 86409",Arizona
157,92345,Bass Pro Shops – Mesa,https://www.henryusa.com/dealer-location/bass-pro-shop-2/,"1133 N Dobson RdMesa, AZ 85201",Arizona
158,92352,Bear Arms – Scottsdale,https://www.henryusa.com/dealer-location/bear-arms/,"10269 North Scottsdale RoadScottsdale, AZ 85253",Arizona
159,92346,Bear Mountain Sports – Mesa,https://www.henryusa.com/dealer-location/bear-mountain-sports/,"899 East SouthernMesa, AZ 85204",Arizona
160,92393,Bucky Oneill Guns Llc,https://www.henryusa.com/dealer-location/bucky-oneill-guns-llc/,"122 Grove AvePrescott, AZ 86301",Arizona
161,92359,C2 Tactical,https://www.henryusa.com/dealer-location/c2-tactical/,"8475 S Emerald DriveTempe, AZ 85284",Arizona
162,92362,Cabela’s – Glendale,https://www.henryusa.com/dealer-location/cabelas-5/,"9380 W Glendale AveGlendale, AZ 85305",Arizona
163,92399,Cash Box Jewelry & Pawn Co,https://www.henryusa.com/dealer-location/cash-box-jewelry-pawn-co/,"2014 S CraycroftTucson, AZ 85711",Arizona
164,92347,Caswells Shooting Range,https://www.henryusa.com/dealer-location/caswells-shooting-range/,"856 East Isabella AvenueMesa, AZ 85204",Arizona
165,112321,Chosin Firearms,https://www.henryusa.com/dealer-location/chosin-firearms/,"2133 N Highway 90Huachuca City, AZ 85616",Arizona
166,121946,Clik Clik Bang Firearms,https://www.henryusa.com/dealer-location/clik-clik-bang-firearms/,"3233 E CHANDLER BLVD STE 7PHOENIX , AZ 85048",Arizona
167,123153,CRAZZY JOE’S,https://www.henryusa.com/dealer-location/crazzy-joes/,"12110 W BENITO DRARIZONA CITY, AZ 85123",Arizona
168,92365,Diamond Point Gun Shop,https://www.henryusa.com/dealer-location/diamond-point-gun-shop/,"788 Pinon RoadPayson, AZ 85541",Arizona
169,92335,Dominion Firearms,https://www.henryusa.com/dealer-location/dominion-firearms/,"3523 East US Highway 60Miami, AZ 85539",Arizona
170,92366,Firing Pin Gun & Pawn,https://www.henryusa.com/dealer-location/firing-pin-gun-pawn/,"620 S. 6th AveSafford, AZ 85546",Arizona
171,122253,Fully Loaded Manufacturing Inc,https://www.henryusa.com/dealer-location/fully-loaded-manufacturing-inc/,"2430 W RuthrauffSuite 136-138Tucson, AZ 85705",Arizona
172,92396,G P Distributing,https://www.henryusa.com/dealer-location/g-p-distributing/,"DBA Shoppers Supply2880 S Alma School RdChandler, AZ 85286",Arizona
173,92327,Gila Outdoor,https://www.henryusa.com/dealer-location/gila-outdoor/,"3660 W Main StThatcher, AZ 85552",Arizona
174,107715,Goliath Industries Llc,https://www.henryusa.com/dealer-location/goliath-industries-llc/,"10185 S Harbor Ave.Mohave Valley, AZ 86440",Arizona
175,92354,Grayhawk Enterprises,https://www.henryusa.com/dealer-location/grayhawk-enterprises/,"8989 E. Via LindaSte 214AScottsdale, AZ 85258",Arizona
176,92353,Guns & Plus,https://www.henryusa.com/dealer-location/guns-plus-2/,"16551 N Dysart Rd #112Surprise, AZ 85378",Arizona
177,92348,Guns Etc.,https://www.henryusa.com/dealer-location/guns-etc/,"2910 South Alma School RDMesa, AZ 85210",Arizona
178,92338,Havasu Guns,https://www.henryusa.com/dealer-location/havasu-guns/,"2115 N Mcculloch Blvd #1Lake Havasu City, AZ 86403",Arizona
179,92377,High Country Guns & Knives,https://www.henryusa.com/dealer-location/high-country-guns-knives/,"555 White Spar RoadPrescott, AZ 86303",Arizona
180,92371,Homestead Firearms,https://www.henryusa.com/dealer-location/homestead-firearms/,"3800 North Homestead Ave.Tucson, AZ 85749",Arizona
181,92331,Horizon Int’L Inc,https://www.henryusa.com/dealer-location/horizon-intl-inc/,"522 E Butler AveFlagstaff, AZ 86001",Arizona
182,92392,Jone’s Firearms,https://www.henryusa.com/dealer-location/jones-firearms/,"17490 South Ave. E.Somerton, AZ 85350",Arizona
183,92397,K & P Arms Llc,https://www.henryusa.com/dealer-location/k-p-arms-llc/,"50078 ehrenberg hwy suite 107ehrenberg, az 85334",Arizona
184,118982,Larson Weaponry,https://www.henryusa.com/dealer-location/larson-weaponry/,"9230 E 8TH STTUCSON, AZ 85710",Arizona
185,92342,Legendary Guns,https://www.henryusa.com/dealer-location/legendary-guns/,"5130 N 19th AvenuePhoenix, AZ 85015",Arizona
186,92360,Lone Wolf Trading Company,https://www.henryusa.com/dealer-location/lone-wolf-trading-company/,"5140 W. Peoria # 110Glendale, AZ 85302",Arizona
187,119850,Mad Guns Llc,https://www.henryusa.com/dealer-location/mad-guns-llc/,"7638 S SUGARBERRY DRTUCSON, AZ 85747",Arizona
188,92388,Np Gunsmith & Sales,https://www.henryusa.com/dealer-location/np-gunsmith-sales/,"4520 AZ-95Fort Mohave, AZ 86426",Arizona
189,104337,Old West Guns & Trading Co,https://www.henryusa.com/dealer-location/old-west-guns-trading-co/,"7202 E Ho Rd A2Carefree, AZ 85377",Arizona
190,92341,Olsen Firearms,https://www.henryusa.com/dealer-location/olsen-firearms/,"28212 N. Tatum Blvd #D4Cave Creek, AZ 85331",Arizona
191,92381,On Target Enterprise,https://www.henryusa.com/dealer-location/on-target-enterprise/,"2747 Ashfork AveKingman, AZ 86401",Arizona
192,92383,Pioneer Gun Shop,https://www.henryusa.com/dealer-location/pioneer/,"3490 E. Andy Devine Ave.Kingman, AZ 86401",Arizona
193,92376,Pistol Parlor,https://www.henryusa.com/dealer-location/pistol-parlor/,"2601 East 7th AvenueFlagstaff, AZ 86004",Arizona
194,92378,"Prescott Valley Guns, Inc.",https://www.henryusa.com/dealer-location/prescott-valley-guns-inc/,"8620 E Hwy 69Prescott Valley, AZ 86314",Arizona
195,92361,Randall’s Firearms & Accessories,https://www.henryusa.com/dealer-location/randalls-firearms-accessories/,"5029 West OliveGlendale, AZ 85302",Arizona
196,110056,Refiners Firearms,https://www.henryusa.com/dealer-location/refiners-firearms/,"42105 N Venture Dr.Bldg D Suite 122-7Phoenix, AZ 85086",Arizona
197,92337,Rim Country Guns,https://www.henryusa.com/dealer-location/rim-country-guns/,"513 S Beeline HWYPayson, AZ 85541",Arizona
198,92375,Ruff’s Sporting Goods,https://www.henryusa.com/dealer-location/ruffs-sporting-goods/,"2 South Milton RoadFlagstaff, AZ 86001",Arizona
199,92385,Sam’s Shooters Emporium,https://www.henryusa.com/dealer-location/sams-shooters-emporium/,"2183 McCulloch BoulevardLake Havasu City, AZ 86403",Arizona
200,119713,Sanctuary Tactical,https://www.henryusa.com/dealer-location/sanctuary-tactical/,"38252 N Jacqueline DrSuite CCave Creek, AZ 85331",Arizona
201,118443,Sarge’s Sidearms,https://www.henryusa.com/dealer-location/sarges-sidearms/,"300 E 4th StBenson, AZ 85602",Arizona
202,92355,Scottsdale Gun Club,https://www.henryusa.com/dealer-location/scottsdale-gun-club/,"14860 N Northsight blvdScottsdale, AZ 85260",Arizona
203,107925,Second Amendment Family Gun Shop,https://www.henryusa.com/dealer-location/second-amendment-family-gun-shop/,"5501 S. Hwy 92Sierra Vista, AZ 85650",Arizona
204,116618,Sharp Shooters,https://www.henryusa.com/dealer-location/sharp-shooters/,"1362 East Snowflake BlvdSnowflake, AZ 85937",Arizona
205,122559,SHOOTERS WORLD,https://www.henryusa.com/dealer-location/shooters-world/,"3828 N 28TH AVEPHOENIX, AZ 85017",Arizona
206,122561,SHOOTERS WORLD OF GOODYEAR,https://www.henryusa.com/dealer-location/shooters-world-of-goodyear/,"13740 W AUTO DR BUILDING AGOODYEAR, AZ 85338",Arizona
207,122560,SHOOTERS WORLD OF PEORIA,https://www.henryusa.com/dealer-location/shooters-world-of-peoria/,"8966 WEST CACTUS RDPEORIA, AZ 85381",Arizona
208,92380,Smoke-N-Guns,https://www.henryusa.com/dealer-location/smoke-n-guns/,"322 So. MainSte ACottonwood, AZ 86326",Arizona
209,92387,Southwest Firearms,https://www.henryusa.com/dealer-location/southwest-firearms/,"2148 McCulloch Blvd N, Suite 101Lake Havasu City, AZ 86403",Arizona
210,98365,Sportsman’s Warehouse – Avondale,https://www.henryusa.com/dealer-location/sportsmans-warehouse-29/,"10145 W McDowell RoadAvondale, AZ 85392",Arizona
211,98366,Sportsman’s Warehouse – Flagstaff,https://www.henryusa.com/dealer-location/sportsmans-warehouse-30/,"2231 E Route 66Flagstaff, AZ 86004",Arizona
212,98367,Sportsman’s Warehouse – Mesa,https://www.henryusa.com/dealer-location/sportsmans-warehouse-31/,"1750 S Greenfield RdMesa, AZ 85206",Arizona
213,98368,Sportsman’s Warehouse – Phoenix,https://www.henryusa.com/dealer-location/sportsmans-warehouse-32/,"19205 N. 27th AvenuePhoenix, AZ 85027",Arizona
214,98369,Sportsman’s Warehouse – Prescott,https://www.henryusa.com/dealer-location/sportsmans-warehouse-33/,"1761 E Hwy 69NO. 26Prescott, AZ 86301",Arizona
215,98370,Sportsman’s Warehouse – Show Low,https://www.henryusa.com/dealer-location/sportsmans-warehouse-34/,"4421 S White Mountain RoadShow Low, AZ 85901",Arizona
216,98371,Sportsman’s Warehouse – Tucson,https://www.henryusa.com/dealer-location/sportsmans-warehouse-35/,"3945 West Costco DriveTucson, AZ 85741",Arizona
217,98372,Sportsman’s Warehouse – Yuma,https://www.henryusa.com/dealer-location/sportsmans-warehouse-36/,"1038 S, Castle Dome AveYuma, AZ 85365",Arizona
218,110799,Sportsman’s Warehouse – Chandler,https://www.henryusa.com/dealer-location/sportsmans-warehouse-chandler/,"840 North 54th StreetChandler, AZ 85226",Arizona
219,92363,Sprague’s Sports,https://www.henryusa.com/dealer-location/spragues-sports-inc/,"345 32nd StreetYuma, AZ 85364",Arizona
220,117997,The Gun Corner at Ruggiero’s Ace,https://www.henryusa.com/dealer-location/the-gun-corner-at-ruggieros-ace/,"23954 S Power RdQueen Creek , AZ 85142",Arizona
221,92364,The Gun Trader,https://www.henryusa.com/dealer-location/roger-gun-trader/,"36 East Yavapai StreetWickenburg, AZ 85390",Arizona
222,92330,Thunderstick Trading Co Ltd,https://www.henryusa.com/dealer-location/thunderstick-trading-co-ltd/,"1125 N JeffersonTucson, AZ 85712",Arizona
223,98842,Tombstone Sweet Memories,https://www.henryusa.com/dealer-location/tombstone-sweet-memories/,"514 E Allen StTombstone, AZ 85638",Arizona
224,92351,Tombstone Tactical,https://www.henryusa.com/dealer-location/tombstone-tactical/,"10011 North Metro ParkwayPhoenix, AZ 85051",Arizona
225,92367,Trail Boss Outfitters,https://www.henryusa.com/dealer-location/trail-boss-outfitters/,"13180 E Colossal Cave Rd#120Vail, AZ 85641",Arizona
226,120772,Turner’s Outdoorsman – Goodyear,https://www.henryusa.com/dealer-location/turners-outdoorsman-goodyear/,"15389 W McDowellGoodyear, AZ 85395",Arizona
227,120773,Turner’s Outdoorsman – Tucson,https://www.henryusa.com/dealer-location/turners-outdoorsman-tucson/,"5146 E Pima StTucson, AZ 85712",Arizona
228,92340,United Sporting Goods,https://www.henryusa.com/dealer-location/united-sporting-goods/,"135 N Broad StGlobe, AZ 85501",Arizona
229,92373,Western Drug & General Store,https://www.henryusa.com/dealer-location/western-drug-general-store/,"106 E. Main StreetSpringerville, AZ 85938",Arizona
230,97953,Wild Willy’s Guns N Ammo,https://www.henryusa.com/dealer-location/wild-willys-guns-n-ammo/,"103 N Frontage RdPearce, AZ 85625",Arizona
